n,build,compile,raw_ops_total,raw_ops_max_slot,n_intermediates,n_free_symbols,lambdify_np,eval_np,lambdify_math,eval_math
5,0.0007322499877773225,0.0014355419989442453,12,1,6,9,0.0024000409903237596,5.53416000911966e-06,0.0025611250021029264,5.508339963853359e-06
10,0.001262666002730839,0.0026557909877737984,22,1,11,14,0.00435933300468605,6.47165987174958e-06,0.0042246249940944836,6.390000053215772e-06
20,0.002275000006193295,0.00511825000285171,42,1,21,24,0.007785709007293917,8.445839921478181e-06,0.007768542011035606,8.515840163454413e-06
50,0.005237958001089282,0.012546833997475915,102,1,51,54,0.018468709007720463,1.4977499959059059e-05,0.01853270900028292,1.4766660169698298e-05
100,0.010418082994874567,0.024957458997960202,202,1,101,104,0.03545262500119861,2.5685839937068522e-05,0.035299957991810516,2.557167987106368e-05
200,0.020245958003215492,0.08338262500183191,402,1,201,204,0.06942604199866764,4.656418022932485e-05,0.06957629199314397,4.6146659879013894e-05
500,0.06836979200306814,0.1997325000120327,1002,1,501,504,0.1847604170034174,0.00010737665987107903,0.18472787499194965,0.00010799665993545204
1000,0.1407380419987021,0.3944157079968136,2002,1,1001,1004,0.37053391701192595,0.000210860840161331,0.3751389579992974,0.0002087816598941572
2000,0.28050954100035597,0.7949047919973964,4002,1,2001,2004,0.7520870829903288,0.000421645839815028,0.7478532910026843,0.00042652250005630776
